<?xml version="1.0" encoding="utf-8"?>
<!DOCTYPE bsa SYSTEM "BSA.dtd">

<!-- This file contains advancement information for the Boy Scouts of America  -->

<bsa>
   <council name="first">
      <troop number="1" unitName="alpha">
         <scout>      
            <firstName>Michael</firstName>
            <lastName>Ferris</lastName>
            <address>
               <street>St. James</street>
               <city>Montgomery</city>
               <state>Alabama</state>              
            </address>
            <phone>111-1111-1111</phone>
            <rank dateEarned="11/23/15">2ndClass</rank>
            <rank dateEarned="02/03/16">1stClassGreen</rank>
            <meritbadge dateEarned="09/11/14">Life Saving</meritbadge> 
            <meritbadge dateEarned="08/25/16">Camping</meritbadge> 
         </scout>
         <scout>      
            <firstName>Daniel</firstName>
            <lastName>Bean</lastName>
            <address>
               <street>Yellow Palace</street>
               <city>Little Rock</city>
               <state>Arkansas</state>              
            </address>
            <phone>222-2222-2222</phone>
            <rank dateEarned="07/27/14">2ndClass</rank>
            <rank dateEarned="10/13/15">1stClassYellow</rank>
            <meritbadge dateEarned="04/22/15">Swimming</meritbadge> 
            <meritbadge dateEarned="12/12/16">Environmental Science</meritbadge> 
         </scout>
      </troop>
      <troop number="2" unitName="bravo">
         <scout>      
            <firstName>Peter</firstName>
            <lastName>Stone</lastName>
            <address>
               <street>Wind Turns</street>
               <city>Miami</city>
               <state>Florida</state>              
            </address>
            <phone>333-3333-3333</phone>
            <rank dateEarned="06/21/14">2ndClass</rank>
            <rank dateEarned="09/03/15">1stClass</rank>
            <meritbadge dateEarned="01/12/13">Life Saving</meritbadge> 
            <meritbadge dateEarned="10/11/14">Camping</meritbadge> 
         </scout>
         <scout>      
            <firstName>Fred</firstName>
            <lastName>Kruegger</lastName>
            <address>
               <street>Mappel Tree</street>
               <city>Davenport</city>
               <state>Iowa</state>              
            </address>
            <phone>444-4444-4444</phone>
            <rank dateEarned="07/11/13">2ndClass</rank>
            <rank dateEarned="09/03/15">1stClassRed</rank>
            <meritbadge dateEarned="01/12/13">Swimming</meritbadge> 
            <meritbadge dateEarned="10/11/14">Camping</meritbadge> 
         </scout>
      </troop>
   </council>
   <council name="second">
      <troop number="3" unitName="charlie">
         <scout>      
            <firstName>Gustav</firstName>
            <lastName>Kuerten</lastName>
            <address>
               <street>Spring Time</street>
               <city>Macon</city>
               <state>Georgia</state>              
            </address>
            <phone>555-5555-5555</phone>
            <rank dateEarned="04/10/12">2ndClass</rank>
            <rank dateEarned="09/09/13">1stClass</rank>
            <meritbadge dateEarned="01/12/12">Swimming</meritbadge> 
            <meritbadge dateEarned="12/10/14">Life Saving</meritbadge> 
         </scout>
         <scout>      
            <firstName>Milton</firstName>
            <lastName>Brandi</lastName>
            <address>
               <street>Salem</street>
               <city>Tulsa</city>
               <state>Oklahoma</state>              
            </address>
            <phone>666-6666-6666</phone>
            <rank dateEarned="12/01/14">2ndClass</rank>
            <rank dateEarned="09/03/15">1stClass</rank>
            <meritbadge dateEarned="09/12/14">Camping</meritbadge> 
            <meritbadge dateEarned="05/10/16">Life Saving</meritbadge> 
         </scout>
      </troop>
      <troop number="4" unitName="delta">
         <scout>      
            <firstName>George</firstName>
            <lastName>Scott</lastName>
            <address>
               <street>Thirty</street>
               <city>Salt Lake City</city>
               <state>Utah</state>              
            </address>
            <phone>777-7777-7777</phone>
            <rank dateEarned="06/02/14">2ndClass</rank>
            <rank dateEarned="09/28/15">1stClassBlack</rank>
            <meritbadge dateEarned="11/11/14">Camping</meritbadge> 
            <meritbadge dateEarned="06/03/16">Games</meritbadge>  
         </scout>
         <scout>      
            <firstName>John</firstName>
            <lastName>Mcbride</lastName>
            <address>
               <street>Orange</street>
               <city>Buffalo</city>
               <state>New York</state>              
            </address>
            <phone>888-8888-8888</phone>
            <rank dateEarned="12/31/14">2ndClass</rank>
            <rank dateEarned="09/03/15">1stClass</rank>
            <meritbadge dateEarned="09/23/14">Survival</meritbadge> 
            <meritbadge dateEarned="05/15/16">Life Saving</meritbadge> 
         </scout>
      </troop>
   </council>
</bsa> 
